text	start	duration	sequence_id	sentence
i	0.23684210526315788	5.7631578947368425	0	i
