{
  "n": 20,
  "rel_ft_textonly": [
    0.38209937065839766,
    0.08761675409261553
  ],
  "rel_ft_combined": [
    0.15516879372298717,
    0.08853481615006112
  ],
  "ve_textonly_base": 0.8991035306170334,
  "ve_visualonly": 2.9611821502540274,
  "ve_combined_base": 1.6814050919998298,
  "ve_combined_ft": 1.6685995604890995,
  "cos_comb_visual": 0.7356911867856979,
  "cos_comb_text": 0.5514996156096459,
  "cos_comb_blend": 0.8823536932468414,
  "fusion_convergence_gain": [
    0.056345829367637636,
    0.05811667093603311,
    20,
    20
  ]
}