{
  "n_images": 6,
  "per_res": {
    "full": {
      "cos_anchor_visbmp": {
        "mean": 0.5476847613851229,
        "std": 0.190408805742335
      },
      "cos_anchor_txtbase": {
        "mean": 0.13116412217884013,
        "std": 0.10148462769197594
      },
      "cos_anchor_txtft": {
        "mean": 0.12565527918438116,
        "std": 0.1281141402631465
      },
      "txt_ft_relchange": {
        "mean": 0.15649984031915665,
        "std": 0.02813558768218947
      },
      "ve_anchor": {
        "mean": 6.053523986890686,
        "std": 1.153657907203926
      },
      "ve_visbmp": {
        "mean": 3.9800626725774877,
        "std": 0.5050056241450434
      },
      "ve_txtbase": {
        "mean": 0.5872435662496521,
        "std": 0.7202440564577398
      },
      "ve_txtft": {
        "mean": 0.689429120729217,
        "std": 0.7225227778709301
      },
      "finetune_convergence_gain": {
        "mean": -0.005508842994458973,
        "std": 0.039468629986048644,
        "n_positive": 3,
        "n": 6
      }
    },
    "reduced": {
      "cos_anchor_visbmp": {
        "mean": 0.42748601237932843,
        "std": 0.1989322464642595
      },
      "cos_anchor_txtbase": {
        "mean": 0.08414866623934358,
        "std": 0.16787277450883237
      },
      "cos_anchor_txtft": {
        "mean": 0.004231174786885579,
        "std": 0.21808591597255966
      },
      "txt_ft_relchange": {
        "mean": 0.23395118862390518,
        "std": 0.03943514864970298
      },
      "ve_anchor": {
        "mean": 6.053523986890686,
        "std": 1.153657907203926
      },
      "ve_visbmp": {
        "mean": 2.5313560774241606,
        "std": 0.16077280951122774
      },
      "ve_txtbase": {
        "mean": 0.19531669273942173,
        "std": 0.16526809058570366
      },
      "ve_txtft": {
        "mean": 0.6713202882898006,
        "std": 0.6324362872756939
      },
      "finetune_convergence_gain": {
        "mean": -0.07991749145245801,
        "std": 0.05767991434015099,
        "n_positive": 1,
        "n": 6
      }
    }
  }
}