{
  "real_cat": {
    "norm": 11.0549955368042,
    "nonzero": 20484,
    "std": 0.07654150575399399,
    "visual": {
      "share": 0.688780487804878,
      "prior": 0.1257078695567272,
      "enrich": 5.479215300954904
    },
    "language": {
      "share": 0.033170731707317075,
      "prior": 0.11584651435266549,
      "enrich": 0.28633344392222027
    },
    "auditory": {
      "share": 0.0,
      "prior": 0.013522749462995509,
      "enrich": 0.0
    }
  },
  "ascii_cat": {
    "norm": 25.321430206298828,
    "nonzero": 20484,
    "std": 0.1470639407634735,
    "visual": {
      "share": 0.4575609756097561,
      "prior": 0.1257078695567272,
      "enrich": 3.6398753203227336
    },
    "language": {
      "share": 0.32,
      "prior": 0.11584651435266549,
      "enrich": 2.762275576661419
    },
    "auditory": {
      "share": 0.007804878048780488,
      "prior": 0.013522749462995509,
      "enrich": 0.5771664625579123
    }
  }
}